source,title,issn,id,area,all_issns,utd_rank,utd_rating,abs_rank,abs_rating,fms_rank,fms_rating,fmscn_rank,fmscn_rating
scholarly,Abacus,0001-3072,0001-3072,Accounting & Auditing,0001-3072; 1467-6281,,,7,3,7,B,,
scholarly,Academy of Management Annals,1941-6067,1941-6067,Management & Organization,1941-6067; 1941-6520,,,510,4*,393,B,,
scholarly,Academy of Management Discoveries,2168-1007,2168-1007,Management & Organization,2168-1007,,,518,3,394,B,,
scholarly,Academy of Management Journal,0001-4273,0001-4273,Management & Organization,0001-4273; 1948-0989,19,UTD24,511,4*,387,A,,
scholarly,Academy of Management Learning and Education,1537-260X,1537-260X,Education Management,1537-260X; 1944-9585,,,1007,4*,191,A,,
scholarly,Academy of Management Perspectives,1558-9080,1558-9080,Management & Organization,1558-9080,,,515,4,395,B,,
scholarly,Academy of Management Review,0363-7425,0363-7425,Management & Organization,0363-7425; 1930-3807,20,UTD24,512,4*,388,A,,
scholarly,Accident Analysis and Prevention,0001-4575,0001-4575,Risk & Safety Management,0001-4575; 1879-2057,,,1411,3,1052,B,,
scholarly,Accounting and Business Research,0001-4788,0001-4788,Accounting & Auditing,0001-4788; 2159-4260,,,8,3,8,B,,
scholarly,"Accounting, Auditing and Accountability Journal",0951-3574,0951-3574,Accounting & Auditing,0951-3574; 1758-4205,,,11,3,9,B,,
scholarly,Accounting Forum,1467-6303,1467-6303,Accounting & Auditing,1467-6303,,,9,3,,,,
scholarly,Accounting Horizons,0888-7993,0888-7993,Accounting & Auditing,0888-7993; 1558-7975,,,10,3,10,B,,
scholarly,"Accounting, Organizations and Society",0361-3682,0361-3682,Accounting & Auditing,0361-3682; 1873-6289,,,2,4*,1,A,,
scholarly,The Accounting Review,0001-4826,0001-4826,Accounting & Auditing,0001-4826; 1558-7967,1,UTD24,1,4*,2,A,,
scholarly,ACM Transactions on Computer-Human Interaction,1073-0516,1073-0516,Information Systems,1073-0516,,,,,567,B,,
scholarly,ACM Transactions on Information Systems,1046-8188,1046-8188,Information Systems,1046-8188,,,,,568,B,,
scholarly,ACM Transactions on Knowledge Discovery from Data,1556-4681,1556-4681,Information Systems,1556-4681,,,,,569,B,,
scholarly,ACM Transactions on Management Information Systems,2158-656X,2158-656X,Information Systems,2158-656X,,,,,570,B,,
scholarly,ACM Transactions on Modeling and Computer Simulation,1049-3301,1049-3301,Operations & Management Science,1049-3301; 1558-1195,,,1221,3,847,B,,
scholarly,Administration & Society,0095-3997,0095-3997,Public Administration & Policy,0095-3997,,,,,972,B,,
scholarly,Administrative Science Quarterly,0001-8392,0001-8392,Management & Organization,0001-8392; 1930-3815,21,UTD24,513,4*,389,A,,
scholarly,African Affairs,1468-2621,1468-2621,International Business & Affairs,1468-2621,,,807,3,,,,
scholarly,Agricultural Economics,0169-5150,0169-5150,Agricultural Economics,0169-5150,,,,,63,B,,
scholarly,American Economic Journal: Applied Economics,1945-7782,1945-7782,Economics,1945-7782; 1945-7790,,,125,4,490,A,,
scholarly,American Economic Journal: Economic Policy,1945-7731,1945-7731,Economics,1945-7731; 1945-774X,,,146,3,494,B,,
scholarly,American Economic Journal: Macroeconomics,1945-7707,1945-7707,Economics,1945-7707; 1945-7715,,,126,4,727,A,,
scholarly,American Economic Journal: Microeconomics,1945-7669,1945-7669,Economics,1945-7669; 1945-7685,,,147,3,166,A,,
scholarly,American Economic Review,0002-8282,0002-8282,Economics,0002-8282; 1944-7981,,,119,4*,323,A,,
scholarly,American Economic Review: Insights,2640-205X,2640-205X,Economics,2640-205X; 2640-2068,,,148,3,333,B,,
scholarly,American Journal of Agricultural Economics,0002-9092,0002-9092,Agricultural Economics,0002-9092; 1467-8276,,,149,3,62,A,,
scholarly,American Journal of Health Economics,2332-3493,2332-3493,Health Management & Economics,2332-3493,,,,,432,B,,
scholarly,American Journal of Political Science,0092-5853,0092-5853,Social Sciences,0092-5853; 1540-5907,,,1681,4*,,,,
scholarly,American Journal of Public Health,0090-0036,0090-0036,Health Management & Economics,0090-0036,,,,,433,B,,
scholarly,American Journal of Sociology,1537-5390,1537-5390,Social Sciences,1537-5390,,,1682,4*,,,,
scholarly,American Political Science Review,0003-0554,0003-0554,Social Sciences,0003-0554; 1537-5943,,,1683,4*,,,,
scholarly,American Review of Public Administration,0275-0740,0275-0740,Public Administration & Policy,0275-0740; 1552-3357,,,1475,3,973,B,,
scholarly,American Sociological Review,1939-8271,1939-8271,Social Sciences,1939-8271,,,1684,4*,,,,
scholarly,Annals of Applied Statistics,1932-6157,1932-6157,Statistics & Econometrics,1932-6157,,,,,134,B,,
scholarly,Annals of Operations Research,0254-5330,0254-5330,Operations & Management Science,0254-5330; 1572-9338,,,1222,3,848,B,,
scholarly,Annals of Statistics,0090-5364,0090-5364,Statistics & Econometrics,0090-5364; 2168-8966,,,120,4*,127,A,,
scholarly,Annals of Tourism Research,0160-7383,0160-7383,"Tourism, Hospitality & Transportation",0160-7383; 1873-7722,,,1573,4,1114,B,,
scholarly,Annual Review of Economics,1941-1391,1941-1391,Economics,1941-1391,,,150,3,,,,
scholarly,Annual Review of Financial Economics,1941-1375,1941-1375,Finance,1941-1375,,,629,3,,,,
scholarly,Annual Review of Psychology,0066-4308,0066-4308,Psychology & Behavior,0066-4308; 1545-2085,,,1332,4,934,B,,
scholarly,Annual Review of Sociology,1545-2115,1545-2115,Social Sciences,1545-2115,,,1685,4*,,,,
scholarly,Antipode,1467-8330,1467-8330,Social Sciences,1467-8330,,,1694,3,,,,
scholarly,Applied Ergonomics,0003-6870,0003-6870,Psychology & Behavior,0003-6870; 1872-9126,,,1412,3,,,,
scholarly,Applied Psychology,0269-994X,0269-994X,Psychology & Behavior,0269-994X; 1464-0597,,,1413,3,935,B,,
scholarly,Asia Pacific Journal of Management,0217-4561,0217-4561,International Business & Affairs,0217-4561; 1572-9958,,,808,3,642,B,,
scholarly,Auditing,0278-0380,0278-0380,Accounting & Auditing,0278-0380; 1558-7991,,,12,3,11,B,,
scholarly,Australian Journal of International Affairs,1035-7718,1035-7718,International Business & Affairs,1035-7718,,,,,643,B,,
scholarly,Behavioral and Brain Sciences,1469-1825,1469-1825,Psychology & Behavior,1469-1825,,,1333,4,,,,
scholarly,Behavioral Research in Accounting,1050-4753,1050-4753,Accounting & Auditing,1050-4753; 1558-8009,,,13,3,12,B,,
scholarly,Biometrika,0006-3444,0006-3444,Statistics & Econometrics,0006-3444; 1464-3510,,,127,4,128,A,,
scholarly,Biostatistics,1465-4644,1465-4644,Statistics & Econometrics,1465-4644,,,,,135,B,,
scholarly,British Accounting Review,0890-8389,0890-8389,Accounting & Auditing,0890-8389; 1095-8347,,,14,3,13,B,,
scholarly,British Journal of Industrial Relations,0007-1080,0007-1080,Human Resources & Employment,0007-1080; 1467-8543,,,748,4,462,B,,
scholarly,British Journal of Management,1045-3172,1045-3172,Management & Organization,1045-3172; 1467-8551,,,516,4,396,B,,
scholarly,British Journal of Psychology,0007-1269,0007-1269,Psychology & Behavior,0007-1269; 2044-8295,,,1344,3,936,B,,
scholarly,British Journal of Social Psychology,0144-6665,0144-6665,Psychology & Behavior,0144-6665; 2044-8309,,,1345,3,937,B,,
scholarly,British Journal of Sociology,1468-4446,1468-4446,Social Sciences,1468-4446,,,1695,3,,,,
scholarly,British Tax Review,0007-1870,0007-1870,Accounting & Auditing,0007-1870,,,15,3,14,B,,
scholarly,Brookings Papers on Economic Activity,0007-2303,0007-2303,Economics,0007-2303; 1533-4465,,,151,3,495,B,,
scholarly,Business and Society,0007-6503,0007-6503,Management & Organization,0007-6503; 1552-4205,,,519,3,397,B,,
scholarly,Business Ethics Quarterly,1052-150X,1052-150X,Human Resources & Employment,1052-150X; 2153-3326,,,520,3,463,B,,
scholarly,Business History,0007-6791,0007-6791,Business History,0007-6791; 1743-7938,,,90,4,102,B,,
scholarly,Business History Review,0007-6805,0007-6805,Business History,0007-6805; 2044-768X,,,91,4,103,B,,
scholarly,Business Strategy and the Environment,0964-4733,0964-4733,Management & Organization,0964-4733; 1099-0836,,,1696,3,398,B,,
scholarly,California Management Review,0008-1256,0008-1256,Management & Organization,0008-1256; 2162-8564,,,521,3,399,B,,
scholarly,Cambridge Journal of Economics,0309-166X,0309-166X,Economics,0309-166X; 1464-3545,,,152,3,334,B,,
scholarly,"Cambridge Journal of Regions, Economy and Society",1752-1386,1752-1386,"Regional, Environmental & Resource Studies",1752-1386,,,1544,3,,,,
scholarly,Canadian Journal of Economics,0008-4085,0008-4085,Economics,0008-4085; 1540-5982,,,153,3,335,B,,
scholarly,China Economic Review,1043-951X,1043-951X,Economics,1043-951X,,,,,496,B,,
scholarly,Climate Policy,1469-3062,1469-3062,"Regional, Environmental & Resource Studies",1469-3062,,,,,1012,B,,
scholarly,Cognition,1873-7838,1873-7838,Psychology & Behavior,1873-7838,,,1334,4,,,,
scholarly,Cognitive Science,1551-6709,1551-6709,Psychology & Behavior,1551-6709,,,1346,3,,,,
scholarly,Communications in Transportation Research,2772-4247,2772-4247,"Tourism, Hospitality & Transportation",2772-4247,,,,,1152,B,,
scholarly,Communications of the ACM,0001-0782,0001-0782,Information Systems,0001-0782,,,,,571,B,,
scholarly,Computational Optimization and Applications,1573-2894,1573-2894,Operations & Management Science,1573-2894,,,1223,3,,,,
scholarly,Computational Statistics and Data Analysis,0167-9473,0167-9473,Statistics & Econometrics,0167-9473; 1872-7352,,,154,3,136,B,,
scholarly,Computers & Industrial Engineering,0360-8352,0360-8352,Operations & Management Science,0360-8352,,,,,849,B,,
scholarly,Computers and Operations Research,0305-0548,0305-0548,Operations & Management Science,0305-0548; 1873-765X,,,1224,3,850,B,,
scholarly,Computers in Human Behavior,0747-5632,0747-5632,Information Systems,0747-5632,,,,,572,B,,
scholarly,Computers in Industry,1872-6194,1872-6194,Information Systems,1872-6194,,,1146,3,,,,
scholarly,Construction Management and Economics,0144-6193,0144-6193,Engineering & Industrial Management,0144-6193,,,,,544,B,,
scholarly,Contemporary Accounting Research,0823-9150,0823-9150,Accounting & Auditing,0823-9150; 1911-3846,,,5,4,3,A,,
scholarly,Cornell Hospitality Quarterly,1938-9663,1938-9663,"Tourism, Hospitality & Transportation",1938-9663,,,,,1115,B,,
scholarly,Corporate Governance: An International Review,0964-8410,0964-8410,Accounting & Auditing,0964-8410; 1467-8683,,,630,3,15,B,,
scholarly,Critical Perspectives on Accounting,1045-2354,1045-2354,Accounting & Auditing,1045-2354; 1095-9955,,,16,3,16,B,,
scholarly,Current Directions in Psychological Science,0963-7214,0963-7214,Psychology & Behavior,0963-7214; 1467-8721,,,1335,4,938,B,,
scholarly,Current Issues in Tourism,1368-3500,1368-3500,"Tourism, Hospitality & Transportation",1368-3500,,,,,1116,B,,
scholarly,Data & Knowledge Engineering,0169-023X,0169-023X,Information Systems,0169-023X,,,,,573,B,,
scholarly,Data Base for Advances in Information Systems,1532-0936,1532-0936,Information Systems,1532-0936,,,,,574,B,,
scholarly,Decision Analysis,1545-8490,1545-8490,Operations & Management Science,1545-8490,,,,,851,B,,
scholarly,Decision Sciences,0011-7315,0011-7315,Operations & Management Science,0011-7315; 1540-5915,,,1225,3,852,B,,
scholarly,Decision Support Systems,0167-9236,0167-9236,Information Systems,0167-9236; 1873-5797,,,869,3,575,B,,
scholarly,Demography,0070-3370,0070-3370,Economics,0070-3370,,,,,694,B,,
scholarly,Development and Change,1467-7660,1467-7660,International Business & Affairs,1467-7660,,,1697,3,,,,
scholarly,Disasters,0361-3666,0361-3666,Risk & Safety Management,0361-3666,,,,,1053,B,,
scholarly,Ecological Economics,0921-8009,0921-8009,"Regional, Environmental & Resource Studies",0921-8009; 1873-6106,,,155,3,1013,B,,
scholarly,Econometrica,0012-9682,0012-9682,Economics,0012-9682; 1468-0262,,,121,4*,324,A,,
scholarly,Econometric Reviews,0747-4938,0747-4938,Statistics & Econometrics,0747-4938; 1532-4168,,,156,3,137,B,,
scholarly,Econometrics Journal,1368-4221,1368-4221,Statistics & Econometrics,1368-4221; 1368-423X,,,157,3,138,B,,
scholarly,Econometric Theory,0266-4666,0266-4666,Statistics & Econometrics,0266-4666; 1469-4360,,,128,4,129,A,,
scholarly,Economica,0013-0427,0013-0427,Economics,0013-0427; 1468-0335,,,162,3,336,B,,
scholarly,Economic and Industrial Democracy,1461-7099,1461-7099,Human Resources & Employment,1461-7099,,,752,3,,,,
scholarly,Economic Development and Cultural Change,0013-0079,0013-0079,Economics,0013-0079; 1539-2988,,,158,3,497,B,,
scholarly,Economic Geography,0013-0095,0013-0095,"Regional, Environmental & Resource Studies",0013-0095; 1944-8287,,,1541,4,76,A,,
scholarly,Economic History Review,0013-0117,0013-0117,Business History,0013-0117; 1468-0289,,,92,4,104,B,,
scholarly,Economic Inquiry,0095-2583,0095-2583,Economics,0095-2583; 1465-7295,,,159,3,337,B,,
scholarly,Economic Journal,0013-0133,0013-0133,Economics,0013-0133; 1468-0297,,,129,4,325,A,,
scholarly,Economic Policy,0266-4658,0266-4658,Economics,0266-4658; 1468-0327,,,160,3,730,B,,
scholarly,Economics Letters,0165-1765,0165-1765,Economics,0165-1765; 1873-7374,,,163,3,338,B,,
scholarly,Economics of Education Review,0272-7757,0272-7757,Education Management,0272-7757,,,,,192,B,,
scholarly,Economic Theory,0938-2259,0938-2259,Economics,0938-2259; 1432-0479,,,161,3,170,B,,
scholarly,Economy and Society,0308-5147,0308-5147,International Business & Affairs,0308-5147; 1469-5766,,,1698,3,644,B,,
scholarly,Electoral Studies,0261-3794,0261-3794,Social Sciences,0261-3794; 1873-6890,,,1699,3,,,,
scholarly,Energy Economics,0140-9883,0140-9883,"Regional, Environmental & Resource Studies",0140-9883; 1873-6181,,,164,3,1014,B,,
scholarly,Energy Journal,0195-6574,0195-6574,"Regional, Environmental & Resource Studies",0195-6574; 1944-9089,,,1578,3,1015,B,,
scholarly,Energy Policy,0301-4215,0301-4215,"Regional, Environmental & Resource Studies",0301-4215,,,,,1016,B,,
scholarly,Enterprise and Society,1467-2235,1467-2235,Business History,1467-2235,,,93,3,,,,
scholarly,Entrepreneurship and Regional Development,0898-5626,0898-5626,Entrepreneurship & Small Business,0898-5626; 1464-5114,,,477,3,216,B,,
scholarly,Entrepreneurship Theory and Practice,1042-2587,1042-2587,Entrepreneurship & Small Business,1042-2587; 1540-6520,,,474,4*,213,A,,
scholarly,Environmental and Resource Economics,0924-6460,0924-6460,"Regional, Environmental & Resource Studies",0924-6460; 1573-1502,,,165,3,1017,B,,
scholarly,Environmental Science and Policy,1462-9011,1462-9011,"Regional, Environmental & Resource Studies",1462-9011; 1873-6416,,,1701,3,1018,B,,
scholarly,Environmental Science & Technology,1520-5851,1520-5851,Social Sciences,1520-5851,,,1700,3,,,,
scholarly,Environment and Development Economics,1355-770X,1355-770X,"Regional, Environmental & Resource Studies",1355-770X,,,,,1019,B,,
scholarly,Environment and Planning A,1472-3409,1472-3409,"Regional, Environmental & Resource Studies",1472-3409,,,1545,3,,,,
scholarly,Environment and Planning A: Economy and Space,0308-518X,0308-518X,"Regional, Environmental & Resource Studies",0308-518X,,,,,1020,B,,
scholarly,Environment and Planning B: Urban Analytics and City Science,2399-8091,2399-8091,"Regional, Environmental & Resource Studies",2399-8091,,,,,1021,B,,
scholarly,Environment and Planning C: Politics and Space,2399-6544,2399-6544,"Regional, Environmental & Resource Studies",2399-6544; 2399-6552,,,1476,3,,,,
scholarly,Environment and Planning D: Society and Space,0263-7758,0263-7758,"Regional, Environmental & Resource Studies",0263-7758; 1472-3433,,,1686,4,1022,B,,
scholarly,Ergonomics,1366-5847,1366-5847,Psychology & Behavior,1366-5847,,,1414,3,,,,
scholarly,European Accounting Review,0963-8180,0963-8180,Accounting & Auditing,0963-8180; 1468-4497,,,17,3,17,B,,
scholarly,European Economic Review,0014-2921,0014-2921,Economics,0014-2921; 1873-572X,,,166,3,339,B,,
scholarly,European Financial Management,1354-7798,1354-7798,Finance,1354-7798; 1468-036X,,,631,3,242,B,,
scholarly,European Journal of Finance,1466-4364,1466-4364,Finance,1466-4364,,,632,3,,,,
scholarly,European Journal of Industrial Relations,1461-7129,1461-7129,Human Resources & Employment,1461-7129,,,753,3,,,,
scholarly,European Journal of Information Systems,0960-085X,0960-085X,Information Systems,0960-085X; 1476-9344,,,864,4,576,B,,
scholarly,European Journal of International Relations,1354-0661,1354-0661,International Business & Affairs,1354-0661,,,,,645,B,,
scholarly,European Journal of Marketing,0309-0566,0309-0566,Marketing,0309-0566; 1758-7123,,,1072,3,765,B,,
scholarly,European Journal of Operational Research,0377-2217,0377-2217,Engineering & Industrial Management,0377-2217; 1872-6860,,,1218,4,541,A,,
scholarly,European Journal of Social Psychology,0046-2772,0046-2772,Psychology & Behavior,0046-2772; 1099-0992,,,1347,3,939,B,,
scholarly,European Journal of Work and Organizational Psychology,1464-0643,1464-0643,Management & Organization,1464-0643,,,1415,3,,,,
scholarly,European Management Review,1740-4762,1740-4762,Management & Organization,1740-4762,,,522,3,,,,
scholarly,European Review of Agricultural Economics,0165-1587,0165-1587,Agricultural Economics,0165-1587; 1464-3618,,,167,3,64,B,,
scholarly,European Review of Economic History,1361-4916,1361-4916,Business History,1361-4916; 1474-0044,,,94,3,105,B,,
scholarly,European Sociological Review,1468-2672,1468-2672,Social Sciences,1468-2672,,,1702,3,,,,
scholarly,European Sport Management Quarterly,1618-4742,1618-4742,"Tourism, Hospitality & Transportation",1618-4742; 1746-031X,,,1579,3,1117,B,,
scholarly,European Urban and Regional Studies,0969-7764,0969-7764,"Regional, Environmental & Resource Studies",0969-7764; 1461-7145,,,1546,3,78,B,,
scholarly,Evolutionary Computation,1530-9304,1530-9304,Operations & Management Science,1530-9304,,,1226,3,,,,
scholarly,Experimental Economics,1386-4157,1386-4157,Economics,1386-4157; 1573-6938,,,168,3,171,B,,
scholarly,Explorations in Economic History,0014-4983,0014-4983,Business History,0014-4983; 1090-2457,,,95,3,106,B,,
scholarly,Family Business Review,0894-4865,0894-4865,Entrepreneurship & Small Business,0894-4865; 1741-6248,,,478,3,217,B,,
scholarly,Finance and Stochastics,0949-2984,0949-2984,Finance,0949-2984; 1432-1122,,,633,3,243,B,,
scholarly,Financial Accountability and Management,1468-0408,1468-0408,Public Administration & Policy,1468-0408,,,18,3,,,,
scholarly,Financial Analysts Journal,0015-198X,0015-198X,Finance,0015-198X; 1938-3312,,,634,3,244,B,,
scholarly,Financial Innovation,2199-4730,2199-4730,Finance,2199-4730,,,,,245,B,,
scholarly,Financial Management,0046-3892,0046-3892,Finance,0046-3892; 1755-053X,,,635,3,246,B,,
scholarly,"Financial Markets, Institutions and Instruments",1468-0416,1468-0416,Finance,1468-0416,,,636,3,,,,
scholarly,Financial Review,1540-6288,1540-6288,Finance,1540-6288,,,637,3,,,,
scholarly,Food Policy,0306-9192,0306-9192,Agricultural Economics,0306-9192; 1873-5657,,,1580,3,65,B,,
scholarly,Foreign Affairs,0015-7120,0015-7120,International Business & Affairs,0015-7120,,,,,646,B,,
scholarly,Foundations and Trends in Accounting,1554-0650,1554-0650,Accounting & Auditing,1554-0650,,,19,3,,,,
scholarly,Frontiers of Engineering Management,2095-7513,2095-7513,Engineering & Industrial Management,2095-7513,,,,,542,A,,
scholarly,Fundamental Research,2667-3258,2667-3258,Management & Organization,2667-3258,,,,,400,B,,
scholarly,Fuzzy Optimization and Decision Making,1573-2908,1573-2908,Operations & Management Science,1573-2908,,,1227,3,,,,
scholarly,Games and Economic Behavior,0899-8256,0899-8256,Economics,0899-8256; 1090-2473,,,169,3,167,A,,
scholarly,Gender and Education,0954-0253,0954-0253,Economics,0954-0253,,,,,498,B,,
scholarly,Gender and Society,0891-2432,0891-2432,Management & Organization,0891-2432; 1552-3977,,,523,3,401,B,,
scholarly,"Gender, Work and Organization",1468-0432,1468-0432,Management & Organization,1468-0432,,,524,3,907,B,,
scholarly,Global Environmental Change,0959-3780,0959-3780,"Regional, Environmental & Resource Studies",0959-3780; 1872-9495,,,1547,3,1023,B,,
scholarly,Global Networks,1470-2266,1470-2266,"Regional, Environmental & Resource Studies",1470-2266; 1471-0374,,,1703,3,79,B,,
scholarly,Global Strategy Journal,2042-5791,2042-5791,Strategy & Innovation,2042-5791; 2042-5805,,,1797,4,1099,B,,
scholarly,Governance,0952-1895,0952-1895,Public Administration & Policy,0952-1895; 1468-0491,,,1471,4,974,B,,
scholarly,Government Information Quarterly,0740-624X,0740-624X,Public Administration & Policy,0740-624X; 1872-9517,,,870,3,975,B,,
scholarly,Group and Organization Management,1059-6011,1059-6011,Management & Organization,1059-6011; 1552-3993,,,1298,3,908,B,,
scholarly,Group Decision and Negotiation,0926-2644,0926-2644,Operations & Management Science,0926-2644,,,,,853,B,,
scholarly,Harvard Business Review,0017-8012,0017-8012,Management & Organization,0017-8012,,,525,3,402,B,,
scholarly,Health Economics (United Kingdom),1057-9230,1057-9230,Health Management & Economics,1057-9230; 1099-1050,,,170,3,430,A,,
scholarly,Health Services Research,0017-9124,0017-9124,Health Management & Economics,0017-9124; 1475-6773,,,1477,3,434,B,,
scholarly,Higher Education,0018-1560,0018-1560,Education Management,0018-1560,,,,,193,B,,
scholarly,Human Communication Research,0360-3989,0360-3989,Human Resources & Employment,0360-3989,,,,,464,B,,
scholarly,Human Factors,1547-8181,1547-8181,Management & Organization,1547-8181,,,1416,3,,,,
scholarly,Human Performance,1532-7043,1532-7043,Psychology & Behavior,1532-7043,,,1417,3,,,,
scholarly,Human Relations,0018-7267,0018-7267,Management & Organization,0018-7267; 1741-282X,,,1294,4,909,B,,
scholarly,Human Resource Management Journal (UK),0954-5395,0954-5395,Human Resources & Employment,0954-5395; 1748-8583,,,747,4*,460,A,,
scholarly,Human Resource Management Review,1053-4822,1053-4822,Human Resources & Employment,1053-4822; 1873-7889,,,754,3,465,B,,
scholarly,Human Resource Management (USA),0090-4848,0090-4848,Human Resources & Employment,0090-4848; 1099-050X,,,749,4,459,A,,
scholarly,IEEE Transactions on Cybernetics,2168-2267,2168-2267,Operations & Management Science,2168-2267; 2168-2275,,,1228,3,854,B,,
scholarly,IEEE Transactions on Engineering Management,0018-9391,0018-9391,Engineering & Industrial Management,0018-9391; 1558-0040,,,1147,3,545,B,,
scholarly,IEEE Transactions on Evolutionary Computation,1089-778X,1089-778X,Operations & Management Science,1089-778X; 1941-0026,,,1219,4,855,B,,
scholarly,IEEE Transactions on Intelligent Transportation Systems,1524-9050,1524-9050,"Tourism, Hospitality & Transportation",1524-9050,,,,,1153,B,,
scholarly,IEEE Transactions on Knowledge and Data Engineering,1041-4347,1041-4347,Information Systems,1041-4347,,,,,577,B,,
scholarly,IEEE Transactions on Software Engineering,0098-5589,0098-5589,Information Systems,0098-5589,,,,,578,B,,
scholarly,"IEEE Transactions on Systems, Man, and Cybernetics: Systems",2168-2216,2168-2216,Operations & Management Science,2168-2216; 2168-2232,,,1229,3,856,B,,
scholarly,IISE Transactions,2472-5862,2472-5862,Engineering & Industrial Management,2472-5862,,,1230,3,543,A,,
scholarly,ILR Review,0019-7939,0019-7939,Human Resources & Employment,0019-7939; 2162-271X,,,755,3,466,B,,
scholarly,IMF Economic Review,2041-4161,2041-4161,Economics,2041-4161; 2041-417X,,,171,3,731,B,,
scholarly,Industrial and Corporate Change,0960-6491,0960-6491,Strategy & Innovation,0960-6491; 1464-3650,,,1704,3,1073,B,,
scholarly,Industrial Law Journal,0305-9332,0305-9332,Human Resources & Employment,0305-9332; 1464-3669,,,756,3,467,B,,
scholarly,Industrial Marketing Management,0019-8501,0019-8501,Marketing,0019-8501; 1873-2062,,,1073,3,766,B,,
scholarly,Industrial Relations,0019-8676,0019-8676,Human Resources & Employment,0019-8676; 1468-232X,,,750,4,461,A,,
scholarly,Industrial Relations Journal,0019-8692,0019-8692,Human Resources & Employment,0019-8692; 1468-2338,,,757,3,468,B,,
scholarly,Industry and Innovation,1469-8390,1469-8390,Strategy & Innovation,1469-8390,,,966,3,,,,
scholarly,Information and Management,0378-7206,0378-7206,Information Systems,0378-7206; 1872-7530,,,871,3,579,B,,
scholarly,Information and Organization,1471-7727,1471-7727,Information Systems,1471-7727; 1873-7919,,,872,3,580,B,,
scholarly,Information and Software Technology,0950-5849,0950-5849,Information Systems,0950-5849,,,,,581,B,,
scholarly,Information Processing & Management,0306-4573,0306-4573,Information & Library Science,0306-4573,,,,,711,B,,
scholarly,Information Sciences,0020-0255,0020-0255,Information Systems,0020-0255,,,,,582,B,,
scholarly,Information Society,0197-2243,0197-2243,Information Systems,0197-2243; 1087-6537,,,873,3,583,B,,
scholarly,Information Systems Frontiers,1387-3326,1387-3326,Information Systems,1387-3326; 1572-9419,,,874,3,584,B,,
scholarly,Information Systems Journal,1350-1917,1350-1917,Information Systems,1350-1917; 1365-2575,,,865,4,585,B,,
scholarly,Information Systems Research,1047-7047,1047-7047,Information Systems,1047-7047; 1526-5536,7,UTD24,861,4*,563,A,,
scholarly,Information Technology and People,0959-3845,0959-3845,Information Systems,0959-3845; 1758-5813,,,875,3,586,B,,
scholarly,INFORMS Journal on Applied Analytics,2644-0865,2644-0865,Operations & Management Science,2644-0865,,,,,857,B,,
scholarly,INFORMS Journal on Computing,1091-9856,1091-9856,Operations & Management Science,1091-9856; 1526-5528,8,UTD24,1231,3,843,A,,
scholarly,INFORMS Journal on Optimization,2575-1484,2575-1484,Operations & Management Science,2575-1484,,,,,858,B,,
scholarly,Insurance: Mathematics and Economics,0167-6687,0167-6687,Finance,0167-6687; 1873-5959,,,638,3,247,B,,
scholarly,International Affairs,0020-5850,0020-5850,International Business & Affairs,0020-5850,,,,,647,B,,
scholarly,International Business Review,0969-5931,0969-5931,International Business & Affairs,0969-5931; 1873-6149,,,809,3,648,B,,
scholarly,International Economic Review,0020-6598,0020-6598,Economics,0020-6598; 1468-2354,,,130,4,326,A,,
scholarly,International Journal of Accounting,1094-4060,1094-4060,Accounting & Auditing,1094-4060,,,20,3,18,B,,
scholarly,International Journal of Central Banking,1815-7556,1815-7556,Finance,1815-7556,,,639,3,,,,
scholarly,International Journal of Contemporary Hospitality Management,0959-6119,0959-6119,"Tourism, Hospitality & Transportation",0959-6119; 1757-1049,,,1581,3,1118,B,,
scholarly,International Journal of Electronic Commerce,1086-4415,1086-4415,Information Systems,1086-4415; 1557-9301,,,876,3,587,B,,
scholarly,International Journal of Entrepreneurial Behaviour and Research,1758-6534,1758-6534,Entrepreneurship & Small Business,1758-6534,,,479,3,,,,
scholarly,International Journal of Finance and Economics,1099-1158,1099-1158,Finance,1099-1158,,,640,3,,,,
scholarly,International Journal of Forecasting,0169-2070,0169-2070,Operations & Management Science,0169-2070; 1872-8200,,,1232,3,859,B,,
scholarly,International Journal of Hospitality Management,0278-4319,0278-4319,"Tourism, Hospitality & Transportation",0278-4319; 1873-4693,,,1582,3,1119,B,,
scholarly,International Journal of Human Resource Management,0958-5192,0958-5192,Human Resources & Employment,0958-5192; 1466-4399,,,758,3,469,B,,
scholarly,International Journal of Industrial Organization,0167-7187,0167-7187,Economics,0167-7187; 1873-7986,,,172,3,499,B,,
scholarly,International Journal of Information Management,0268-4012,0268-4012,Information Systems,0268-4012,,,,,588,B,,
scholarly,International Journal of Information Technology & Decision Making,0219-6220,0219-6220,Operations & Management Science,0219-6220,,,,,860,B,,
scholarly,International Journal of Management Reviews,1460-8545,1460-8545,Management & Organization,1460-8545; 1468-2370,,,526,3,403,B,,
scholarly,International Journal of Operations and Production Management,0144-3577,0144-3577,Operations & Management Science,0144-3577; 1758-6593,,,1143,4,828,B,,
scholarly,International Journal of Physical Distribution & Logistics Management,0960-0035,0960-0035,Operations & Management Science,0960-0035,,,,,829,B,,
scholarly,International Journal of Production Economics,0925-5273,0925-5273,Operations & Management Science,0925-5273; 1873-7579,,,1148,3,830,B,,
scholarly,International Journal of Production Research,0020-7543,0020-7543,Operations & Management Science,0020-7543; 1366-588X,,,1149,3,831,B,,
scholarly,International Journal of Project Management,0263-7863,0263-7863,Engineering & Industrial Management,0263-7863,,,,,546,B,,
scholarly,International Journal of Rehabilitation Research,1473-5660,1473-5660,Psychology & Behavior,1473-5660,,,1418,3,,,,
scholarly,International Journal of Research in Marketing,0167-8116,0167-8116,Marketing,0167-8116; 1873-8001,,,1070,4,767,B,,
scholarly,International Marketing Review,0265-1335,0265-1335,Marketing,0265-1335; 1758-6763,,,1074,3,768,B,,
scholarly,International Migration Review,0197-9183,0197-9183,Economics,0197-9183,,,,,695,B,,
scholarly,International Organization,0020-8183,0020-8183,Social Sciences,0020-8183; 1531-5088,,,1687,4,,,,
scholarly,International Public Management Journal,1096-7494,1096-7494,Public Administration & Policy,1096-7494; 1559-3169,,,1478,3,976,B,,
scholarly,International Review of Administrative Sciences,1461-7226,1461-7226,Public Administration & Policy,1461-7226,,,1479,3,,,,
scholarly,International Review of Financial Analysis,1057-5219,1057-5219,Finance,1057-5219; 1873-8079,,,641,3,248,B,,
scholarly,International Small Business Journal,0266-2426,0266-2426,Entrepreneurship & Small Business,0266-2426; 1741-2870,,,480,3,218,B,,
scholarly,International Statistical Review,1751-5823,1751-5823,Statistics & Econometrics,1751-5823,,,173,3,,,,
scholarly,International Studies Quarterly,0020-8833,0020-8833,International Business & Affairs,0020-8833,,,1688,4,649,B,,
scholarly,Internet Research,1066-2243,1066-2243,Information Systems,1066-2243,,,877,3,589,B,,
scholarly,Journal of Accounting and Economics,0165-4101,0165-4101,Accounting & Auditing,0165-4101; 1879-1980,2,UTD24,3,4*,4,A,,
scholarly,Journal of Accounting and Public Policy,0278-4254,0278-4254,Accounting & Auditing,0278-4254; 1873-2070,,,21,3,20,B,,
scholarly,"Journal of Accounting, Auditing and Finance",0148-558X,0148-558X,Accounting & Auditing,0148-558X,,,23,3,19,B,,
scholarly,Journal of Accounting Literature,0737-4607,0737-4607,Accounting & Auditing,0737-4607,,,22,3,21,B,,
scholarly,Journal of Accounting Research,0021-8456,0021-8456,Accounting & Auditing,0021-8456; 1475-679X,3,UTD24,4,4*,5,A,,
scholarly,Journal of Advertising,0091-3367,0091-3367,Marketing,0091-3367; 1557-7805,,,1075,3,769,B,,
scholarly,Journal of Advertising Research,0021-8499,0021-8499,Marketing,0021-8499; 1740-1909,,,1076,3,770,B,,
scholarly,Journal of Agricultural Economics,0021-857X,0021-857X,Agricultural Economics,0021-857X; 1477-9552,,,174,3,66,B,,
scholarly,Journal of Applied Econometrics,0883-7252,0883-7252,Statistics & Econometrics,0883-7252; 1099-1255,,,175,3,139,B,,
scholarly,Journal of Applied Psychology,0021-9010,0021-9010,Psychology & Behavior,0021-9010; 1939-1854,,,1403,4*,930,A,,
scholarly,Journal of Banking and Finance,0378-4266,0378-4266,Finance,0378-4266; 1872-6372,,,642,3,249,B,,
scholarly,Journal of Behavioral Decision Making,0894-3257,0894-3257,Economics,0894-3257; 1099-0771,,,1348,3,172,B,,
scholarly,Journal of Business and Economic Statistics,0735-0015,0735-0015,Statistics & Econometrics,0735-0015; 1537-2707,,,131,4,130,A,,
scholarly,Journal of Business and Psychology,0889-3268,0889-3268,Psychology & Behavior,0889-3268; 1573-353X,,,1419,3,940,B,,
scholarly,Journal of Business Ethics,0167-4544,0167-4544,Human Resources & Employment,0167-4544; 1573-0697,,,527,3,470,B,,
scholarly,Journal of Business Finance and Accounting,0306-686X,0306-686X,Accounting & Auditing,0306-686X; 1468-5957,,,24,3,22,B,,
scholarly,Journal of Business Logistics,0735-3766,0735-3766,Operations & Management Science,0735-3766; 2158-1592,,,1150,3,832,B,,
scholarly,Journal of Business Research,0148-2963,0148-2963,Management & Organization,0148-2963; 1873-7978,,,528,3,404,B,,
scholarly,Journal of Business Venturing,0883-9026,0883-9026,Entrepreneurship & Small Business,0883-9026; 1873-2003,,,475,4*,214,A,,
scholarly,Journal of Civil Engineering and Management,1392-3730,1392-3730,Engineering & Industrial Management,1392-3730,,,,,547,B,,
scholarly,Journal of Commodity Markets,2405-8513,2405-8513,Finance,2405-8513; 2405-8505,,,643,3,250,B,,
scholarly,Journal of Common Market Studies,1468-5965,1468-5965,International Business & Affairs,1468-5965,,,810,3,,,,
scholarly,Journal of Comparative Economics,0147-5967,0147-5967,Economics,0147-5967; 1095-7227,,,176,3,500,B,,
scholarly,Journal of Computational and Graphical Statistics,1061-8600,1061-8600,Statistics & Econometrics,1061-8600; 1537-2715,,,177,3,140,B,,
scholarly,Journal of Computer-Mediated Communication,1083-6101,1083-6101,Information Systems,1083-6101,,,878,3,,,,
scholarly,Journal of Conflict Resolution,0022-0027,0022-0027,International Business & Affairs,0022-0027; 1552-8766,,,1349,3,650,B,,
scholarly,Journal of Construction Engineering and Management,0733-9364,0733-9364,Engineering & Industrial Management,0733-9364,,,,,548,B,,
scholarly,Journal of Consumer Psychology,1057-7408,1057-7408,Marketing,1057-7408; 1532-7663,,,1064,4*,771,B,,
scholarly,Journal of Consumer Research,0093-5301,0093-5301,Marketing,0093-5301; 1537-5277,10,UTD24,1065,4*,761,A,,
scholarly,Journal of Corporate Finance,0929-1199,0929-1199,Finance,0929-1199; 1872-6313,,,624,4,251,B,,
scholarly,Journal of Cross-Cultural Psychology,1552-5422,1552-5422,Psychology & Behavior,1552-5422,,,1350,3,,,,
scholarly,Journal of Cultural Economy,1753-0369,1753-0369,Social Sciences,1753-0369,,,1705,3,,,,
scholarly,Journal of Development Economics,0304-3878,0304-3878,Economics,0304-3878; 1872-6089,,,178,3,491,A,,
scholarly,Journal of Development Studies,0022-0388,0022-0388,Economics,0022-0388; 1743-9140,,,1706,3,501,B,,
scholarly,Journal of Documentation,0022-0418,0022-0418,Information & Library Science,0022-0418,,,,,712,B,,
scholarly,Journal of Econometrics,0304-4076,0304-4076,Statistics & Econometrics,0304-4076; 1872-6895,,,132,4,131,A,,
scholarly,Journal of Economic Behavior and Organization,0167-2681,0167-2681,Economics,0167-2681; 1879-1751,,,179,3,173,B,,
scholarly,Journal of Economic Dynamics and Control,0165-1889,0165-1889,Economics,0165-1889; 1879-1743,,,180,3,732,B,,
scholarly,Journal of Economic Education,0022-0485,0022-0485,Education Management,0022-0485,,,,,194,B,,
scholarly,Journal of Economic Geography,1468-2702,1468-2702,"Regional, Environmental & Resource Studies",1468-2702; 1468-2710,,,1542,4,80,B,,
scholarly,Journal of Economic Growth,1381-4338,1381-4338,Economics,1381-4338; 1573-7020,,,181,3,502,B,,
scholarly,Journal of Economic History,0022-0507,0022-0507,Business History,0022-0507; 1471-6372,,,96,3,100,A,,
scholarly,Journal of Economic Literature,0022-0515,0022-0515,Business History,0022-0515; 2328-8175,,,133,4,101,A,,
scholarly,Journal of Economic Perspectives,0895-3309,0895-3309,Economics,0895-3309; 1944-7965,,,134,4,327,A,,
scholarly,Journal of Economics & Management Strategy,1058-6407,1058-6407,Economics,1058-6407,,,,,503,B,,
scholarly,Journal of Economic Theory,0022-0531,0022-0531,Economics,0022-0531; 1095-7235,,,135,4,168,A,,
scholarly,Journal of Empirical Finance,0927-5398,0927-5398,Finance,0927-5398; 1879-1727,,,644,3,252,B,,
scholarly,Journal of Environmental Economics and Management,0095-0696,0095-0696,"Regional, Environmental & Resource Studies",0095-0696; 1096-0449,,,182,3,1011,A,,
scholarly,Journal of Environmental Planning and Management,0964-0568,0964-0568,"Regional, Environmental & Resource Studies",0964-0568,,,,,1024,B,,
scholarly,Journal of Environmental Psychology,0272-4944,0272-4944,Psychology & Behavior,0272-4944; 1522-9610,,,1351,3,,,,
scholarly,Journal of European Public Policy,1350-1763,1350-1763,International Business & Affairs,1350-1763; 1466-4429,,,1480,3,651,B,,
scholarly,Journal of European Social Policy,1461-7269,1461-7269,International Business & Affairs,1461-7269,,,1707,3,,,,
scholarly,Journal of Experimental Psychology: Applied,1076-898X,1076-898X,Psychology & Behavior,1076-898X; 1939-2192,,,1336,4,941,B,,
scholarly,Journal of Experimental Psychology: General,1939-2222,1939-2222,Psychology & Behavior,1939-2222,,,1337,4,,,,
scholarly,Journal of Experimental Psychology: Learning Memory and Cognition,1939-1285,1939-1285,Psychology & Behavior,1939-1285,,,1352,3,,,,
scholarly,Journal of Experimental Social Psychology,0022-1031,0022-1031,Psychology & Behavior,0022-1031; 1096-0465,,,1338,4,942,B,,
scholarly,Journal of Finance,0022-1082,0022-1082,Finance,0022-1082; 1540-6261,4,UTD24,621,4*,237,A,,
scholarly,Journal of Financial and Quantitative Analysis,0022-1090,0022-1090,Finance,0022-1090; 1756-6916,,,625,4,238,A,,
scholarly,Journal of Financial Econometrics,1479-8409,1479-8409,Finance,1479-8409; 1479-8417,,,645,3,253,B,,
scholarly,Journal of Financial Economics,0304-405X,0304-405X,Finance,0304-405X,5,UTD24,622,4*,239,A,,
scholarly,Journal of Financial Intermediation,1042-9573,1042-9573,Finance,1042-9573; 1096-0473,,,626,4,254,B,,
scholarly,Journal of Financial Markets,1386-4181,1386-4181,Finance,1386-4181; 1878-576X,,,646,3,255,B,,
scholarly,Journal of Financial Reporting,2380-2146,2380-2146,Finance,2380-2146; 2380-2154,,,25,3,,,,
scholarly,Journal of Financial Research,0270-2592,0270-2592,Finance,0270-2592; 1475-6803,,,647,3,256,B,,
scholarly,Journal of Financial Services Research,1573-0735,1573-0735,Finance,1573-0735,,,648,3,,,,
scholarly,Journal of Financial Stability,1572-3089,1572-3089,Finance,1572-3089; 1878-0962,,,649,3,257,B,,
scholarly,Journal of Futures Markets,0270-7314,0270-7314,Finance,0270-7314; 1096-9934,,,650,3,258,B,,
scholarly,Journal of Health Economics,0167-6296,0167-6296,Health Management & Economics,0167-6296; 1879-1646,,,183,3,431,A,,
scholarly,Journal of Heuristics,1381-1231,1381-1231,Operations & Management Science,1381-1231; 1572-9397,,,1233,3,861,B,,
scholarly,Journal of Hospitality & Tourism Research,1096-3480,1096-3480,"Tourism, Hospitality & Transportation",1096-3480,,,,,1120,B,,
scholarly,Journal of Human Capital,1932-8575,1932-8575,Economics,1932-8575; 1932-8664,,,184,3,696,B,,
scholarly,Journal of Human Resources,0022-166X,0022-166X,Economics,0022-166X; 1548-8004,,,185,3,697,B,,
scholarly,Journal of Industrial Ecology,1088-1980,1088-1980,"Regional, Environmental & Resource Studies",1088-1980,,,,,1025,B,,
scholarly,Journal of Industrial Economics,0022-1821,0022-1821,Economics,0022-1821; 1467-6451,,,186,3,504,B,,
scholarly,Journal of Information Science,0165-5515,0165-5515,Information & Library Science,0165-5515,,,,,713,B,,
scholarly,Journal of Information Technology,0268-3962,0268-3962,Information Systems,0268-3962; 1466-4437,,,866,4,590,B,,
scholarly,Journal of Informetrics,1751-1577,1751-1577,Information & Library Science,1751-1577,,,,,714,B,,
scholarly,Journal of Institutional Economics,1744-1382,1744-1382,Economics,1744-1382,,,187,3,,,,
scholarly,Journal of Interactive Marketing,1094-9968,1094-9968,Marketing,1094-9968; 1520-6653,,,1077,3,772,B,,
scholarly,"Journal of International Accounting, Auditing and Taxation",1061-9518,1061-9518,Accounting & Auditing,1061-9518,,,26,3,23,B,,
scholarly,Journal of International Accounting Research,1542-6297,1542-6297,Accounting & Auditing,1542-6297,,,,,24,B,,
scholarly,Journal of International Business Policy,2522-0691,2522-0691,International Business & Affairs,2522-0691; 2522-0705,,,811,3,,,,
scholarly,Journal of International Business Studies,0047-2506,0047-2506,International Business & Affairs,0047-2506; 1478-6990,23,UTD24,805,4*,640,A,,
scholarly,Journal of International Economics,0022-1996,0022-1996,Economics,0022-1996; 1873-0353,,,136,4,728,A,,
scholarly,"Journal of International Financial Markets, Institutions and Money",1042-4431,1042-4431,Finance,1042-4431; 1873-0612,,,651,3,,,,
scholarly,Journal of International Management,1075-4253,1075-4253,International Business & Affairs,1075-4253; 1873-0620,,,812,3,652,B,,
scholarly,Journal of International Marketing,1069-031X,1069-031X,Marketing,1069-031X; 1547-7215,,,1078,3,773,B,,
scholarly,Journal of International Money and Finance,0261-5606,0261-5606,Finance,0261-5606; 1873-0639,,,652,3,259,B,,
scholarly,Journal of Knowledge Management,1367-3270,1367-3270,Information Systems,1367-3270,,,,,591,B,,
scholarly,Journal of Labor Economics,0734-306X,0734-306X,Economics,0734-306X; 1537-5307,,,137,4,693,A,,
scholarly,Journal of Law and Economics,0022-2186,0022-2186,Economics,0022-2186; 1537-5285,,,188,3,341,B,,
scholarly,"Journal of Law, Economics, and Organization",1465-7341,1465-7341,Economics,1465-7341; 8756-6222,,,189,3,340,B,,
scholarly,Journal of Legal Studies,1537-5366,1537-5366,Economics,1537-5366,,,190,3,,,,
scholarly,Journal of Leisure Research,0022-2216,0022-2216,"Tourism, Hospitality & Transportation",0022-2216,,,,,1121,B,,
scholarly,Journal of Management,0149-2063,0149-2063,Management & Organization,0149-2063; 1557-1211,,,514,4*,390,A,,
scholarly,Journal of Management Accounting Research,1049-2127,1049-2127,Accounting & Auditing,1049-2127,,,,,25,B,,
scholarly,Journal of Management Education,1052-5629,1052-5629,Education Management,1052-5629,,,,,195,B,,
scholarly,Journal of Management in Engineering,0742-597X,0742-597X,Engineering & Industrial Management,0742-597X,,,,,549,B,,
scholarly,Journal of Management Information Systems,0742-1222,0742-1222,Information Systems,0742-1222; 1557-928X,,,867,4,564,A,,
scholarly,Journal of Management Inquiry,1056-4926,1056-4926,Management & Organization,1056-4926; 1552-6542,,,529,3,405,B,,
scholarly,Journal of Management Science and Engineering,2096-2320,2096-2320,Operations & Management Science,2096-2320,,,,,862,B,,
scholarly,Journal of Management Studies,0022-2380,0022-2380,Management & Organization,0022-2380; 1467-6486,,,517,4,391,A,,
scholarly,Journal of Managerial Psychology,1758-7778,1758-7778,Psychology & Behavior,1758-7778,,,1420,3,,,,
scholarly,Journal of Marketing,0022-2429,0022-2429,Marketing,0022-2429; 1547-7185,11,UTD24,1066,4*,762,A,,
scholarly,Journal of Marketing Research,0022-2437,0022-2437,Marketing,0022-2437; 1547-7193,12,UTD24,1067,4*,763,A,,
scholarly,Journal of Mathematical Economics,0304-4068,0304-4068,Economics,0304-4068; 1873-1538,,,191,3,174,B,,
scholarly,Journal of Mathematical Psychology,1096-0880,1096-0880,Psychology & Behavior,1096-0880,,,1353,3,,,,
scholarly,Journal of Monetary Economics,0304-3932,0304-3932,Economics,0304-3932; 1873-1295,,,138,4,729,A,,
scholarly,"Journal of Money, Credit and Banking",0022-2879,0022-2879,Finance,0022-2879; 1538-4616,,,627,4,260,B,,
scholarly,Journal of Multivariate Analysis,0047-259X,0047-259X,Statistics & Econometrics,0047-259X; 1095-7243,,,192,3,141,B,,
scholarly,Journal of Occupational and Organizational Psychology,0963-1798,0963-1798,Psychology & Behavior,0963-1798; 2044-8325,,,1405,4,943,B,,
scholarly,Journal of Occupational Health Psychology,1076-8998,1076-8998,Psychology & Behavior,1076-8998; 1939-1307,,,1406,4,944,B,,
scholarly,Journal of Operations Management,0272-6963,0272-6963,Operations & Management Science,0272-6963; 1873-1317,16,UTD24,1142,4*,825,A,,
scholarly,Journal of Optimization Theory and Applications,0022-3239,0022-3239,Operations & Management Science,0022-3239; 1573-2878,,,1234,3,863,B,,
scholarly,Journal of Organizational Behavior,0894-3796,0894-3796,Management & Organization,0894-3796; 1099-1379,,,1407,4,904,A,,
scholarly,Journal of Personality,0022-3506,0022-3506,Psychology & Behavior,0022-3506; 1467-6494,,,1354,3,,,,
scholarly,Journal of Personality and Social Psychology,0022-3514,0022-3514,Psychology & Behavior,0022-3514; 1939-1315,,,1339,4,945,B,,
scholarly,Journal of Policy Analysis and Management,0276-8739,0276-8739,Public Administration & Policy,0276-8739; 1520-6688,,,1481,3,977,B,,
scholarly,Journal of Political Economy,0022-3808,0022-3808,Economics,0022-3808; 1537-534X,,,122,4*,328,A,,
scholarly,Journal of Politics,0022-3816,0022-3816,Social Sciences,0022-3816; 1468-2508,,,1689,4,,,,
scholarly,Journal of Population Economics,0933-1433,0933-1433,Economics,0933-1433; 1432-1475,,,193,3,698,B,,
scholarly,Journal of Population Research,1443-2447,1443-2447,Economics,1443-2447,,,,,699,B,,
scholarly,Journal of Portfolio Management,0095-4918,0095-4918,Finance,0095-4918; 2168-8656,,,653,3,261,B,,
scholarly,Journal of Product Innovation Management,0737-6782,0737-6782,Strategy & Innovation,0737-6782; 1540-5885,,,965,4,1071,A,,
scholarly,Journal of Public Administration Research and Theory,1053-1858,1053-1858,Public Administration & Policy,1053-1858; 1477-9803,,,1472,4,968,A,,
scholarly,Journal of Public Economics,0047-2727,0047-2727,Economics,0047-2727,,,194,3,492,A,,
scholarly,Journal of Public Policy and Marketing,0743-9156,0743-9156,Marketing,0743-9156; 1547-7207,,,1079,3,774,B,,
scholarly,Journal of Purchasing and Supply Management,1478-4092,1478-4092,Operations & Management Science,1478-4092; 1873-6505,,,1151,3,833,B,,
scholarly,Journal of Quality Technology,0022-4065,0022-4065,Engineering & Industrial Management,0022-4065,,,,,550,B,,
scholarly,Journal of Real Estate Finance and Economics,0895-5638,0895-5638,Economics,0895-5638; 1573-045X,,,654,3,505,B,,
scholarly,Journal of Regional Science,0022-4146,0022-4146,"Regional, Environmental & Resource Studies",0022-4146; 1467-9787,,,1548,3,81,B,,
scholarly,Journal of Regulatory Economics,0922-680X,0922-680X,Economics,0922-680X,,,,,506,B,,
scholarly,Journal of Retailing,0022-4359,0022-4359,Marketing,0022-4359; 1873-3271,,,1071,4,775,B,,
scholarly,Journal of Risk,1465-1211,1465-1211,Risk & Safety Management,1465-1211,,,,,1054,B,,
scholarly,Journal of Risk and Insurance,0022-4367,0022-4367,Finance,0022-4367; 1539-6975,,,655,3,262,B,,
scholarly,Journal of Risk and Uncertainty,0895-5646,0895-5646,Risk & Safety Management,0895-5646; 1573-0476,,,195,3,1055,B,,
scholarly,Journal of Rural Studies,0743-0167,0743-0167,"Regional, Environmental & Resource Studies",0743-0167; 1873-1392,,,1549,3,82,B,,
scholarly,Journal of Safety Research,0022-4375,0022-4375,Risk & Safety Management,0022-4375,,,,,1056,B,,
scholarly,Journal of Scheduling,1094-6136,1094-6136,Operations & Management Science,1094-6136,,,,,864,B,,
scholarly,Journal of School Psychology,1873-3506,1873-3506,Education Management,1873-3506,,,1421,3,,,,
scholarly,Journal of Service Research,1094-6705,1094-6705,Marketing,1094-6705; 1552-7379,,,1574,4,776,B,,
scholarly,Journal of Small Business Management,0047-2778,0047-2778,Entrepreneurship & Small Business,0047-2778; 1540-627X,,,481,3,219,B,,
scholarly,Journal of Social Policy,0047-2794,0047-2794,International Business & Affairs,0047-2794; 1469-7823,,,1708,3,653,B,,
scholarly,Journal of Strategic Information Systems,0963-8687,0963-8687,Information Systems,0963-8687; 1873-1198,,,868,4,592,B,,
scholarly,Journal of Supply Chain Management,1523-2409,1523-2409,Operations & Management Science,1523-2409; 1745-493X,,,1144,4,834,B,,
scholarly,Journal of Sustainable Tourism,0966-9582,0966-9582,"Tourism, Hospitality & Transportation",0966-9582; 1747-7646,,,1583,3,1122,B,,
scholarly,Journal of Technology Transfer,0892-9912,0892-9912,Strategy & Innovation,0892-9912; 1573-7047,,,967,3,1074,B,,
scholarly,Journal of the Academy of Marketing Science,0092-0703,0092-0703,Marketing,0092-0703; 1552-7824,,,1068,4*,777,B,,
scholarly,Journal of the American Statistical Association,0162-1459,0162-1459,Statistics & Econometrics,0162-1459; 1537-274X,,,139,4,132,A,,
scholarly,Journal of the American Taxation Association,0198-9073,0198-9073,Accounting & Auditing,0198-9073; 1558-8017,,,27,3,26,B,,
scholarly,Journal of the Association for Information Science and Technology (JASIST),2330-1635,2330-1635,Information & Library Science,2330-1635; 2330-1643,,,879,3,710,A,,
scholarly,Journal of the Association for Information Systems,1536-9323,1536-9323,Information Systems,1536-9323; 1558-3457,,,862,4*,565,A,,
scholarly,Journal of the Association of Environmental and Resource Economists,2333-5955,2333-5955,"Regional, Environmental & Resource Studies",2333-5955; 2333-5963,,,196,3,1026,B,,
scholarly,Journal of the European Economic Association,1542-4766,1542-4766,Economics,1542-4766; 1542-4774,,,140,4,329,A,,
scholarly,Journal of the Operational Research Society,0160-5682,0160-5682,Operations & Management Science,0160-5682; 1476-9360,,,1235,3,865,B,,
scholarly,Journal of the Royal Statistical Society. Series A: Statistics in Society,0964-1998,0964-1998,Statistics & Econometrics,0964-1998; 1467-985X,,,197,3,142,B,,
scholarly,Journal of the Royal Statistical Society Series B-Stastistical Methodology,1369-7412,1369-7412,Statistics & Econometrics,1369-7412,,,,,133,A,,
scholarly,Journal of the Royal Statistical Society. Series B: Statistical Methodology,1467-9868,1467-9868,Economics,1467-9868,,,141,4,,,,
scholarly,Journal of the Royal Statistical Society. Series C: Applied Statistics,0035-9254,0035-9254,Statistics & Econometrics,0035-9254; 1467-9876,,,198,3,143,B,,
scholarly,Journal of Time Series Analysis,0143-9782,0143-9782,Statistics & Econometrics,0143-9782; 1467-9892,,,199,3,144,B,,
scholarly,Journal of Transport Geography,0966-6923,0966-6923,"Tourism, Hospitality & Transportation",0966-6923,,,,,1154,B,,
scholarly,Journal of Travel Research,0047-2875,0047-2875,"Tourism, Hospitality & Transportation",0047-2875; 1552-6763,,,1575,4,1112,A,,
scholarly,Journal of Urban Affairs,0735-2166,0735-2166,"Regional, Environmental & Resource Studies",0735-2166,,,,,83,B,,
scholarly,Journal of Urban Economics,0094-1190,0094-1190,"Regional, Environmental & Resource Studies",0094-1190; 1095-9068,,,200,3,77,A,,
scholarly,Journal of Vocational Behavior,0001-8791,0001-8791,Psychology & Behavior,0001-8791; 1095-9084,,,1408,4,946,B,,
scholarly,Journal of World Business,1090-9516,1090-9516,International Business & Affairs,1090-9516; 1878-5573,,,806,4,641,A,,
scholarly,Judgment and Decision Making,1930-2975,1930-2975,Operations & Management Science,1930-2975,,,1355,3,866,B,,
scholarly,Kyklos,0023-5962,0023-5962,Economics,0023-5962,,,,,342,B,,
scholarly,Labour Economics,0927-5371,0927-5371,Economics,0927-5371; 1879-1034,,,201,3,700,B,,
scholarly,Land Economics,0023-7639,0023-7639,"Regional, Environmental & Resource Studies",0023-7639; 1543-8325,,,202,3,1027,B,,
scholarly,Leadership Quarterly,1048-9843,1048-9843,Management & Organization,1048-9843; 1873-3409,,,1295,4,910,B,,
scholarly,Learned Publishing,1741-4857,1741-4857,Information & Library Science,1741-4857,,,,,715,B,,
scholarly,Library & Information science Research,0740-8188,0740-8188,Information & Library Science,0740-8188,,,,,716,B,,
scholarly,Long Range Planning,0024-6301,0024-6301,Strategy & Innovation,0024-6301; 1873-1872,,,1798,4,1100,B,,
scholarly,Macroeconomic Dynamics,1365-1005,1365-1005,Economics,1365-1005,,,,,733,B,,
scholarly,Management Accounting Research,1044-5005,1044-5005,Accounting & Auditing,1044-5005; 1096-1224,,,28,3,27,B,,
scholarly,Management and Organization Review,1740-8776,1740-8776,Management & Organization,1740-8776; 1740-8784,,,813,3,911,B,,
scholarly,Management International Review,0938-8249,0938-8249,International Business & Affairs,0938-8249; 1861-8901,,,814,3,654,B,,
scholarly,Management Learning,1350-5076,1350-5076,Management & Organization,1350-5076; 1461-7307,,,1008,3,912,B,,
scholarly,Management Science,0025-1909,0025-1909,Management & Organization,0025-1909; 1526-5501,14,UTD24,1216,4*,392,A,,
scholarly,Manufacturing & Service Operations Management,1523-4614,1523-4614,Operations & Management Science,1523-4614; 1526-5498,17,UTD24,1152,3,826,A,,
scholarly,Marketing Letters,0923-0645,0923-0645,Marketing,0923-0645; 1573-059X,,,1080,3,778,B,,
scholarly,Marketing Science,0732-2399,0732-2399,Marketing,0732-2399; 1526-548X,13,UTD24,1069,4*,764,A,,
scholarly,Marketing Theory,1470-5931,1470-5931,Marketing,1470-5931; 1741-301X,,,1081,3,779,B,,
scholarly,Mathematical Finance,0960-1627,0960-1627,Finance,0960-1627; 1467-9965,,,656,3,263,B,,
scholarly,Mathematical Programming,0025-5610,0025-5610,Operations & Management Science,0025-5610; 1436-4646,,,1220,4,844,A,,
scholarly,Mathematics of Operations Research,0364-765X,0364-765X,Operations & Management Science,0364-765X; 1526-5471,,,1236,3,845,A,,
scholarly,Medical Decision Making,0272-989X,0272-989X,Health Management & Economics,0272-989X,,,,,435,B,,
scholarly,Milbank Quarterly,1468-0009,1468-0009,Health Management & Economics,1468-0009,,,1482,3,,,,
scholarly,MIS Quarterly,0276-7783,0276-7783,Information Systems,0276-7783; 2162-9730,9,UTD24,863,4*,566,A,,
scholarly,MIS Quarterly Executive,1540-1960,1540-1960,Information Systems,1540-1960,,,,,593,B,,
scholarly,MIT Sloan Management Review,1532-9194,1532-9194,Management & Organization,1532-9194,,,530,3,406,B,,
scholarly,Multinational Business Review,2054-1686,2054-1686,International Business & Affairs,2054-1686,,,815,3,,,,
scholarly,Nature Human Behaviour,2397-3374,2397-3374,Psychology & Behavior,2397-3374,,,1340,4,,,,
scholarly,Naval Research Logistics,0894-069X,0894-069X,Operations & Management Science,0894-069X; 1520-6750,,,1237,3,867,B,,
scholarly,NBER Macroeconomics Annual,0889-3365,0889-3365,Economics,0889-3365,,,,,734,B,,
scholarly,New Political Economy,1469-9923,1469-9923,International Business & Affairs,1469-9923,,,1709,3,,,,
scholarly,"New Technology, Work and Employment",0268-1072,0268-1072,Human Resources & Employment,0268-1072; 1468-005X,,,759,3,471,B,,
scholarly,Nonprofit and Voluntary Sector Quarterly,0899-7640,0899-7640,Public Administration & Policy,0899-7640; 1552-7395,,,1584,3,978,B,,
scholarly,Occupational and Environmental Medicine,1470-7926,1470-7926,Health Management & Economics,1470-7926,,,1422,3,,,,
scholarly,Omega,0305-0483,0305-0483,Operations & Management Science,0305-0483; 1873-5274,,,1238,3,868,B,,
scholarly,Operations Research,0030-364X,0030-364X,Operations & Management Science,0030-364X; 1526-5463,15,UTD24,1217,4*,846,A,,
scholarly,Operations Research Letters,0167-6377,0167-6377,Operations & Management Science,0167-6377,,,,,869,B,,
scholarly,Organization,1350-5084,1350-5084,Management & Organization,1350-5084; 1461-7323,,,1299,3,913,B,,
scholarly,Organizational Behavior and Human Decision Processes,0749-5978,0749-5978,Psychology & Behavior,0749-5978; 1095-9920,,,1409,4,931,A,,
scholarly,Organizational Dynamics,1873-3530,1873-3530,Management & Organization,1873-3530,,,1301,3,,,,
scholarly,Organizational Research Methods,1094-4281,1094-4281,Management & Organization,1094-4281; 1552-7425,,,1297,4,915,B,,
scholarly,Organization and Environment,1086-0266,1086-0266,Management & Organization,1086-0266; 1552-7417,,,1300,3,914,B,,
scholarly,Organization Science,1047-7039,1047-7039,Management & Organization,1047-7039; 1526-5455,22,UTD24,1293,4*,905,A,,
scholarly,Organization Studies,0170-8406,0170-8406,Management & Organization,0170-8406; 1741-3044,,,1296,4,906,A,,
scholarly,OR Spectrum,0171-6468,0171-6468,Operations & Management Science,0171-6468; 1436-6304,,,1239,3,870,B,,
scholarly,Oxford Bulletin of Economics and Statistics,0305-9049,0305-9049,Economics,0305-9049; 1468-0084,,,203,3,735,B,,
scholarly,Oxford Economic Papers,0030-7653,0030-7653,Economics,0030-7653; 1464-3812,,,204,3,343,B,,
scholarly,Papers in Regional Science,1056-8190,1056-8190,"Regional, Environmental & Resource Studies",1056-8190; 1435-5957,,,1550,3,84,B,,
scholarly,Personality and Individual Differences,0191-8869,0191-8869,Psychology & Behavior,0191-8869; 1873-3549,,,1356,3,,,,
scholarly,Personality and Social Psychology Bulletin,0146-1672,0146-1672,Psychology & Behavior,0146-1672; 1552-7433,,,1341,4,947,B,,
scholarly,Personnel Psychology,0031-5826,0031-5826,Psychology & Behavior,0031-5826; 1744-6570,,,1404,4*,932,A,,
scholarly,Policy and Politics,0305-5736,0305-5736,Public Administration & Policy,0305-5736; 1470-8442,,,1483,3,979,B,,
scholarly,Policy Studies Journal,0190-292X,0190-292X,Public Administration & Policy,0190-292X; 1541-0072,,,1484,3,,,,
scholarly,Politics and Society,1552-7514,1552-7514,Social Sciences,1552-7514,,,1710,3,,,,
scholarly,Population and Development Review,0098-7921,0098-7921,Economics,0098-7921,,,,,701,B,,
scholarly,Proceedings of the Institution of Mechanical Engineers Part O-Journal of Risk and Reliability,1748-006X,1748-006X,Risk & Safety Management,1748-006X,,,,,1057,B,,
scholarly,Production and Operations Management,1059-1478,1059-1478,Operations & Management Science,1059-1478; 1937-5956,18,UTD24,1145,4,827,A,,
scholarly,Production Planning and Control,0953-7287,0953-7287,Operations & Management Science,0953-7287; 1366-5871,,,1153,3,835,B,,
scholarly,Progress in Human Geography,1477-0288,1477-0288,"Regional, Environmental & Resource Studies",1477-0288,,,1711,3,,,,
scholarly,Psychological Bulletin,0033-2909,0033-2909,Psychology & Behavior,0033-2909; 1939-1455,,,1342,4,948,B,,
scholarly,Psychological Research,1430-2772,1430-2772,Psychology & Behavior,1430-2772,,,1357,3,,,,
scholarly,Psychological Review,1939-1471,1939-1471,Psychology & Behavior,1939-1471,,,1343,4,,,,
scholarly,Psychological Science,0956-7976,0956-7976,Psychology & Behavior,0956-7976; 1467-9280,,,1331,4*,933,A,,
scholarly,Psychology and Marketing,0742-6046,0742-6046,Marketing,0742-6046; 1520-6793,,,1082,3,780,B,,
scholarly,Psychology of Women Quarterly,0361-6843,0361-6843,Psychology & Behavior,0361-6843; 1471-6402,,,1358,3,949,B,,
scholarly,Psychometrika,1860-0980,1860-0980,Psychology & Behavior,1860-0980,,,1359,3,,,,
scholarly,Public Administration,0033-3298,0033-3298,Public Administration & Policy,0033-3298; 1467-9299,,,1473,4,969,A,,
scholarly,Public Administration Review,0033-3352,0033-3352,Public Administration & Policy,0033-3352; 1540-6210,,,1470,4*,970,A,,
scholarly,Public Choice,1573-7101,1573-7101,Economics,1573-7101,,,205,3,,,,
scholarly,Public Management Review,1471-9037,1471-9037,Public Administration & Policy,1471-9037; 1471-9045,,,1474,4,971,A,,
scholarly,Public Opinion Quarterly,0033-362X,0033-362X,Public Administration & Policy,0033-362X; 1537-5331,,,1712,3,980,B,,
scholarly,Quantitative Economics,1759-7323,1759-7323,Economics,1759-7323; 1759-7331,,,142,4,344,B,,
scholarly,Quantitative Finance,1469-7688,1469-7688,Finance,1469-7688; 1469-7696,,,657,3,264,B,,
scholarly,Quantitative Marketing and Economics,1570-7156,1570-7156,Marketing,1570-7156; 1573-711X,,,1083,3,781,B,,
scholarly,Quarterly Journal of Economics,0033-5533,0033-5533,Economics,0033-5533; 1531-4650,,,123,4*,330,A,,
scholarly,Quarterly Journal of Experimental Psychology,1747-0226,1747-0226,Psychology & Behavior,1747-0226,,,1360,3,,,,
scholarly,Quarterly Journal of Political Science,1554-0634,1554-0634,Social Sciences,1554-0634,,,1713,3,,,,
scholarly,R and D Management,0033-6807,0033-6807,Strategy & Innovation,0033-6807; 1467-9310,,,968,3,1075,B,,
scholarly,RAND Journal of Economics,0741-6261,0741-6261,Economics,0741-6261; 1756-2171,,,143,4,493,A,,
scholarly,Real Estate Economics,1080-8620,1080-8620,Economics,1080-8620; 1540-6229,,,206,3,507,B,,
scholarly,Regional Science and Urban Economics,0166-0462,0166-0462,"Regional, Environmental & Resource Studies",0166-0462; 1879-2308,,,1551,3,85,B,,
scholarly,Regional Studies,0034-3404,0034-3404,"Regional, Environmental & Resource Studies",0034-3404; 1360-0591,,,1543,4,86,B,,
scholarly,Regulation and Governance,1748-5983,1748-5983,Public Administration & Policy,1748-5983; 1748-5991,,,1485,3,981,B,,
scholarly,Reliability Engineering and System Safety,0951-8320,0951-8320,Risk & Safety Management,0951-8320; 1879-0836,,,1240,3,1058,B,,
scholarly,Research in Organizational Behavior,0191-3085,0191-3085,Management & Organization,0191-3085,,,1302,3,916,B,,
scholarly,Research in Social Stratification and Mobility,0276-5624,0276-5624,Social Sciences,0276-5624,,,1714,3,,,,
scholarly,Research in the Sociology of Organizations,0733-558X,0733-558X,Management & Organization,0733-558X,,,1303,3,,,,
scholarly,Research Policy,0048-7333,0048-7333,Strategy & Innovation,0048-7333; 1873-7625,,,964,4*,1072,A,,
scholarly,Resource and Energy Economics,0928-7655,0928-7655,"Regional, Environmental & Resource Studies",0928-7655,,,,,1028,B,,
scholarly,Review of Accounting Studies,1380-6653,1380-6653,Accounting & Auditing,1380-6653; 1573-7136,,,6,4,6,A,,
scholarly,Review of Asset Pricing Studies,2045-9920,2045-9920,Finance,2045-9920; 2045-9939,,,658,3,265,B,,
scholarly,Review of Corporate Finance Studies,2046-9128,2046-9128,Finance,2046-9128; 2046-9136,,,659,3,266,B,,
scholarly,Review of Economic Dynamics,1094-2025,1094-2025,Economics,1094-2025; 1096-6099,,,207,3,736,B,,
scholarly,Review of Economics and Statistics,0034-6535,0034-6535,Economics,0034-6535; 1530-9142,,,144,4,331,A,,
scholarly,Review of Economic Studies,0034-6527,0034-6527,Economics,0034-6527; 1467-937X,,,124,4*,332,A,,
scholarly,Review of Environmental Economics and Policy,1750-6816,1750-6816,"Regional, Environmental & Resource Studies",1750-6816,,,,,1029,B,,
scholarly,Review of Finance,1572-3097,1572-3097,Finance,1572-3097; 1573-692X,,,628,4,240,A,,
scholarly,The Review of Financial Studies,0893-9454,0893-9454,Finance,0893-9454; 1465-7368,6,UTD24,623,4*,241,A,,
scholarly,Review of Income and Wealth,0034-6586,0034-6586,Economics,0034-6586; 1475-4991,,,208,3,508,B,,
scholarly,Review of International Economics,0965-7576,0965-7576,Economics,0965-7576,,,,,737,B,,
scholarly,Review of International Political Economy,0969-2290,0969-2290,International Business & Affairs,0969-2290; 1466-4526,,,1715,3,655,B,,
scholarly,Review of Quantitative Finance and Accounting,0924-865X,0924-865X,Finance,0924-865X; 1573-7179,,,660,3,267,B,,
scholarly,Risk Analysis,0272-4332,0272-4332,Risk & Safety Management,0272-4332; 1539-6924,,,1690,4,1051,A,,
scholarly,Safety Science,0925-7535,0925-7535,Risk & Safety Management,0925-7535,,,,,1059,B,,
scholarly,Scandinavian Journal of Economics,1467-9442,1467-9442,Economics,1467-9442,,,209,3,,,,
scholarly,Scandinavian Journal of Statistics,0303-6898,0303-6898,Statistics & Econometrics,0303-6898; 1467-9469,,,210,3,145,B,,
scholarly,"Scandinavian Journal of Work, Environment and Health",1795-990X,1795-990X,Health Management & Economics,1795-990X,,,1423,3,,,,
scholarly,"Science, Technology & Human Values",0162-2439,0162-2439,Strategy & Innovation,0162-2439,,,,,1076,B,,
scholarly,Scientometrics,0138-9130,0138-9130,Information & Library Science,0138-9130,,,,,717,B,,
scholarly,Security Dialogue,0967-0106,0967-0106,Risk & Safety Management,0967-0106,,,,,1060,B,,
scholarly,Service Science,2164-3962,2164-3962,Operations & Management Science,2164-3962,,,,,836,B,,
scholarly,SIAM Journal on Computing,0097-5397,0097-5397,Operations & Management Science,0097-5397,,,,,871,B,,
scholarly,SIAM Journal on Optimization,1052-6234,1052-6234,Operations & Management Science,1052-6234; 1095-7189,,,1241,3,872,B,,
scholarly,Small Business Economics,0921-898X,0921-898X,Entrepreneurship & Small Business,0921-898X; 1573-0913,,,482,3,220,B,,
scholarly,Social Choice and Welfare,0176-1714,0176-1714,Economics,0176-1714; 1432-217X,,,211,3,175,B,,
scholarly,Social Forces,1534-7605,1534-7605,Social Sciences,1534-7605,,,1716,3,,,,
scholarly,Social Psychological and Personality Science,1948-5514,1948-5514,Psychology & Behavior,1948-5514,,,1361,3,,,,
scholarly,Social Science and Medicine,0277-9536,0277-9536,Health Management & Economics,0277-9536; 1873-5347,,,1691,4,436,B,,
scholarly,Social Science Research,0049-089X,0049-089X,Social Sciences,0049-089X; 1096-0317,,,1717,3,,,,
scholarly,Socio-Economic Review,1475-1461,1475-1461,International Business & Affairs,1475-1461; 1475-147X,,,1692,4,656,B,,
scholarly,Sociological Methodology,1467-9531,1467-9531,Social Sciences,1467-9531,,,1718,3,,,,
scholarly,Sociological Review,1467-954X,1467-954X,Social Sciences,1467-954X,,,1719,3,,,,
scholarly,Sociology,1469-8684,1469-8684,Social Sciences,1469-8684,,,1693,4,,,,
scholarly,Sociology of Health and Illness,0141-9889,0141-9889,Health Management & Economics,0141-9889; 1467-9566,,,1720,3,437,B,,
scholarly,Statistical Science,0883-4237,0883-4237,Statistics & Econometrics,0883-4237,,,,,146,B,,
scholarly,Statistica Sinica,1017-0405,1017-0405,Statistics & Econometrics,1017-0405,,,,,147,B,,
scholarly,Strategic Entrepreneurship Journal,1932-4391,1932-4391,Entrepreneurship & Small Business,1932-4391; 1932-443X,,,476,4,215,A,,
scholarly,Strategic Management Journal,0143-2095,0143-2095,Strategy & Innovation,0143-2095; 1097-0266,24,UTD24,1796,4*,1098,A,,
scholarly,Strategic Organization,1476-1270,1476-1270,Strategy & Innovation,1476-1270; 1741-315X,,,1799,3,1101,B,,
scholarly,Strategy Science,2333-2050,2333-2050,Strategy & Innovation,2333-2050,,,1800,3,1102,B,,
scholarly,Stress and Health,1532-2998,1532-2998,Psychology & Behavior,1532-2998,,,1362,3,,,,
scholarly,Studies in Higher Education,0307-5079,0307-5079,Education Management,0307-5079; 1470-174X,,,1009,3,196,B,,
scholarly,Supply Chain Management,1359-8546,1359-8546,Operations & Management Science,1359-8546; 1758-6852,,,1154,3,837,B,,
scholarly,Technological Forecasting and Social Change,0040-1625,0040-1625,Strategy & Innovation,0040-1625; 1873-5509,,,969,3,,,,
scholarly,Technovation,0166-4972,0166-4972,Strategy & Innovation,0166-4972; 1879-2383,,,970,3,1077,B,,
scholarly,Theoretical Economics,1555-7561,1555-7561,Economics,1555-7561; 1933-6837,,,145,4,169,A,,
scholarly,"Theory, Culture and Society",1460-3616,1460-3616,Social Sciences,1460-3616,,,1721,3,,,,
scholarly,Tourism Management,0261-5177,0261-5177,"Tourism, Hospitality & Transportation",0261-5177; 1879-3193,,,1576,4,1113,A,,
scholarly,"Transportation Research, Part A: Policy and Practice",0965-8564,0965-8564,"Tourism, Hospitality & Transportation",0965-8564; 1879-2375,,,1585,3,1149,A,,
scholarly,Transportation Research Part B: Methodological,0191-2615,0191-2615,"Tourism, Hospitality & Transportation",0191-2615,,,,,1150,A,,
scholarly,Transportation Research Part C: Emerging Technologies,0968-090X,0968-090X,"Tourism, Hospitality & Transportation",0968-090X,,,,,1155,B,,
scholarly,"Transportation Research, Part D: Transport and Environment",1361-9209,1361-9209,"Tourism, Hospitality & Transportation",1361-9209; 1879-2340,,,1586,3,1156,B,,
scholarly,"Transportation Research, Part E: Logistics and Transportation Review",1366-5545,1366-5545,"Tourism, Hospitality & Transportation",1366-5545; 1878-5794,,,1587,3,1157,B,,
scholarly,Transportation Research Part F: Traffic Psychology and Behaviour,1369-8478,1369-8478,"Tourism, Hospitality & Transportation",1369-8478,,,,,1158,B,,
scholarly,"Transportation Research, Series B: Methodological",1879-2367,1879-2367,"Tourism, Hospitality & Transportation",1879-2367,,,1577,4,,,,
scholarly,Transportation Science,0041-1655,0041-1655,"Tourism, Hospitality & Transportation",0041-1655; 1526-5447,,,1242,3,1151,A,,
scholarly,Transport Policy,0967-070X,0967-070X,"Tourism, Hospitality & Transportation",0967-070X,,,,,1159,B,,
scholarly,Transport Reviews,0144-1647,0144-1647,"Tourism, Hospitality & Transportation",0144-1647,,,,,1160,B,,
scholarly,Urban Studies,0042-0980,0042-0980,"Regional, Environmental & Resource Studies",0042-0980; 1360-063X,,,1552,3,87,B,,
scholarly,Water Resources Research,0043-1397,0043-1397,"Regional, Environmental & Resource Studies",0043-1397,,,,,1030,B,,
scholarly,West European Politics,1743-9655,1743-9655,Social Sciences,1743-9655,,,1722,3,,,,
scholarly,Work and Occupations,0730-8884,0730-8884,Human Resources & Employment,0730-8884; 1552-8464,,,760,3,472,B,,
scholarly,Work and Stress,0267-8373,0267-8373,Psychology & Behavior,0267-8373; 1464-5335,,,1410,4,950,B,,
scholarly,"Work, Employment and Society",0950-0170,0950-0170,Human Resources & Employment,0950-0170; 1469-8722,,,751,4,473,B,,
scholarly,World Bank Economic Review,0258-6770,0258-6770,Economics,0258-6770; 1564-698X,,,212,3,509,B,,
scholarly,World Development,0305-750X,0305-750X,Economics,0305-750X,,,1723,3,510,B,,
